--
-- PostgreSQL database dump
--

-- Dumped from database version 12.6 (Ubuntu 12.6-0ubuntu0.20.10.1)
-- Dumped by pg_dump version 12.6 (Ubuntu 12.6-0ubuntu0.20.10.1)

SET statement_timeout = 0;
SET lock_timeout = 0;
SET idle_in_transaction_session_timeout = 0;
SET client_encoding = 'UTF8';
SET standard_conforming_strings = on;
SELECT pg_catalog.set_config('search_path', '', false);
SET check_function_bodies = false;
SET xmloption = content;
SET client_min_messages = warning;
SET row_security = off;

SET default_tablespace = '';

SET default_table_access_method = heap;

--
-- Name: auth_group; Type: TABLE; Schema: public; Owner: mo
--

CREATE TABLE public.auth_group (
    id integer NOT NULL,
    name character varying(150) NOT NULL
);


ALTER TABLE public.auth_group OWNER TO mo;

--
-- Name: auth_group_id_seq; Type: SEQUENCE; Schema: public; Owner: mo
--

CREATE SEQUENCE public.auth_group_id_seq
    AS integer
    START WITH 1
    INCREMENT BY 1
    NO MINVALUE
    NO MAXVALUE
    CACHE 1;


ALTER TABLE public.auth_group_id_seq OWNER TO mo;

--
-- Name: auth_group_id_seq; Type: SEQUENCE OWNED BY; Schema: public; Owner: mo
--

ALTER SEQUENCE public.auth_group_id_seq OWNED BY public.auth_group.id;


--
-- Name: auth_group_permissions; Type: TABLE; Schema: public; Owner: mo
--

CREATE TABLE public.auth_group_permissions (
    id integer NOT NULL,
    group_id integer NOT NULL,
    permission_id integer NOT NULL
);


ALTER TABLE public.auth_group_permissions OWNER TO mo;

--
-- Name: auth_group_permissions_id_seq; Type: SEQUENCE; Schema: public; Owner: mo
--

CREATE SEQUENCE public.auth_group_permissions_id_seq
    AS integer
    START WITH 1
    INCREMENT BY 1
    NO MINVALUE
    NO MAXVALUE
    CACHE 1;


ALTER TABLE public.auth_group_permissions_id_seq OWNER TO mo;

--
-- Name: auth_group_permissions_id_seq; Type: SEQUENCE OWNED BY; Schema: public; Owner: mo
--

ALTER SEQUENCE public.auth_group_permissions_id_seq OWNED BY public.auth_group_permissions.id;


--
-- Name: auth_permission; Type: TABLE; Schema: public; Owner: mo
--

CREATE TABLE public.auth_permission (
    id integer NOT NULL,
    name character varying(255) NOT NULL,
    content_type_id integer NOT NULL,
    codename character varying(100) NOT NULL
);


ALTER TABLE public.auth_permission OWNER TO mo;

--
-- Name: auth_permission_id_seq; Type: SEQUENCE; Schema: public; Owner: mo
--

CREATE SEQUENCE public.auth_permission_id_seq
    AS integer
    START WITH 1
    INCREMENT BY 1
    NO MINVALUE
    NO MAXVALUE
    CACHE 1;


ALTER TABLE public.auth_permission_id_seq OWNER TO mo;

--
-- Name: auth_permission_id_seq; Type: SEQUENCE OWNED BY; Schema: public; Owner: mo
--

ALTER SEQUENCE public.auth_permission_id_seq OWNED BY public.auth_permission.id;


--
-- Name: auth_user; Type: TABLE; Schema: public; Owner: mo
--

CREATE TABLE public.auth_user (
    id integer NOT NULL,
    password character varying(128) NOT NULL,
    last_login timestamp with time zone,
    is_superuser boolean NOT NULL,
    username character varying(150) NOT NULL,
    first_name character varying(150) NOT NULL,
    last_name character varying(150) NOT NULL,
    email character varying(254) NOT NULL,
    is_staff boolean NOT NULL,
    is_active boolean NOT NULL,
    date_joined timestamp with time zone NOT NULL
);


ALTER TABLE public.auth_user OWNER TO mo;

--
-- Name: auth_user_groups; Type: TABLE; Schema: public; Owner: mo
--

CREATE TABLE public.auth_user_groups (
    id integer NOT NULL,
    user_id integer NOT NULL,
    group_id integer NOT NULL
);


ALTER TABLE public.auth_user_groups OWNER TO mo;

--
-- Name: auth_user_groups_id_seq; Type: SEQUENCE; Schema: public; Owner: mo
--

CREATE SEQUENCE public.auth_user_groups_id_seq
    AS integer
    START WITH 1
    INCREMENT BY 1
    NO MINVALUE
    NO MAXVALUE
    CACHE 1;


ALTER TABLE public.auth_user_groups_id_seq OWNER TO mo;

--
-- Name: auth_user_groups_id_seq; Type: SEQUENCE OWNED BY; Schema: public; Owner: mo
--

ALTER SEQUENCE public.auth_user_groups_id_seq OWNED BY public.auth_user_groups.id;


--
-- Name: auth_user_id_seq; Type: SEQUENCE; Schema: public; Owner: mo
--

CREATE SEQUENCE public.auth_user_id_seq
    AS integer
    START WITH 1
    INCREMENT BY 1
    NO MINVALUE
    NO MAXVALUE
    CACHE 1;


ALTER TABLE public.auth_user_id_seq OWNER TO mo;

--
-- Name: auth_user_id_seq; Type: SEQUENCE OWNED BY; Schema: public; Owner: mo
--

ALTER SEQUENCE public.auth_user_id_seq OWNED BY public.auth_user.id;


--
-- Name: auth_user_user_permissions; Type: TABLE; Schema: public; Owner: mo
--

CREATE TABLE public.auth_user_user_permissions (
    id integer NOT NULL,
    user_id integer NOT NULL,
    permission_id integer NOT NULL
);


ALTER TABLE public.auth_user_user_permissions OWNER TO mo;

--
-- Name: auth_user_user_permissions_id_seq; Type: SEQUENCE; Schema: public; Owner: mo
--

CREATE SEQUENCE public.auth_user_user_permissions_id_seq
    AS integer
    START WITH 1
    INCREMENT BY 1
    NO MINVALUE
    NO MAXVALUE
    CACHE 1;


ALTER TABLE public.auth_user_user_permissions_id_seq OWNER TO mo;

--
-- Name: auth_user_user_permissions_id_seq; Type: SEQUENCE OWNED BY; Schema: public; Owner: mo
--

ALTER SEQUENCE public.auth_user_user_permissions_id_seq OWNED BY public.auth_user_user_permissions.id;


--
-- Name: django_admin_log; Type: TABLE; Schema: public; Owner: mo
--

CREATE TABLE public.django_admin_log (
    id integer NOT NULL,
    action_time timestamp with time zone NOT NULL,
    object_id text,
    object_repr character varying(200) NOT NULL,
    action_flag smallint NOT NULL,
    change_message text NOT NULL,
    content_type_id integer,
    user_id integer NOT NULL,
    CONSTRAINT django_admin_log_action_flag_check CHECK ((action_flag >= 0))
);


ALTER TABLE public.django_admin_log OWNER TO mo;

--
-- Name: django_admin_log_id_seq; Type: SEQUENCE; Schema: public; Owner: mo
--

CREATE SEQUENCE public.django_admin_log_id_seq
    AS integer
    START WITH 1
    INCREMENT BY 1
    NO MINVALUE
    NO MAXVALUE
    CACHE 1;


ALTER TABLE public.django_admin_log_id_seq OWNER TO mo;

--
-- Name: django_admin_log_id_seq; Type: SEQUENCE OWNED BY; Schema: public; Owner: mo
--

ALTER SEQUENCE public.django_admin_log_id_seq OWNED BY public.django_admin_log.id;


--
-- Name: django_content_type; Type: TABLE; Schema: public; Owner: mo
--

CREATE TABLE public.django_content_type (
    id integer NOT NULL,
    app_label character varying(100) NOT NULL,
    model character varying(100) NOT NULL
);


ALTER TABLE public.django_content_type OWNER TO mo;

--
-- Name: django_content_type_id_seq; Type: SEQUENCE; Schema: public; Owner: mo
--

CREATE SEQUENCE public.django_content_type_id_seq
    AS integer
    START WITH 1
    INCREMENT BY 1
    NO MINVALUE
    NO MAXVALUE
    CACHE 1;


ALTER TABLE public.django_content_type_id_seq OWNER TO mo;

--
-- Name: django_content_type_id_seq; Type: SEQUENCE OWNED BY; Schema: public; Owner: mo
--

ALTER SEQUENCE public.django_content_type_id_seq OWNED BY public.django_content_type.id;


--
-- Name: django_migrations; Type: TABLE; Schema: public; Owner: mo
--

CREATE TABLE public.django_migrations (
    id integer NOT NULL,
    app character varying(255) NOT NULL,
    name character varying(255) NOT NULL,
    applied timestamp with time zone NOT NULL
);


ALTER TABLE public.django_migrations OWNER TO mo;

--
-- Name: django_migrations_id_seq; Type: SEQUENCE; Schema: public; Owner: mo
--

CREATE SEQUENCE public.django_migrations_id_seq
    AS integer
    START WITH 1
    INCREMENT BY 1
    NO MINVALUE
    NO MAXVALUE
    CACHE 1;


ALTER TABLE public.django_migrations_id_seq OWNER TO mo;

--
-- Name: django_migrations_id_seq; Type: SEQUENCE OWNED BY; Schema: public; Owner: mo
--

ALTER SEQUENCE public.django_migrations_id_seq OWNED BY public.django_migrations.id;


--
-- Name: django_session; Type: TABLE; Schema: public; Owner: mo
--

CREATE TABLE public.django_session (
    session_key character varying(40) NOT NULL,
    session_data text NOT NULL,
    expire_date timestamp with time zone NOT NULL
);


ALTER TABLE public.django_session OWNER TO mo;

--
-- Name: hello_equityratio; Type: TABLE; Schema: public; Owner: mo
--

CREATE TABLE public.hello_equityratio (
    id integer NOT NULL,
    year integer NOT NULL,
    month integer NOT NULL,
    ratio integer NOT NULL
);


ALTER TABLE public.hello_equityratio OWNER TO mo;

--
-- Name: hello_equityratio_id_seq; Type: SEQUENCE; Schema: public; Owner: mo
--

CREATE SEQUENCE public.hello_equityratio_id_seq
    AS integer
    START WITH 1
    INCREMENT BY 1
    NO MINVALUE
    NO MAXVALUE
    CACHE 1;


ALTER TABLE public.hello_equityratio_id_seq OWNER TO mo;

--
-- Name: hello_equityratio_id_seq; Type: SEQUENCE OWNED BY; Schema: public; Owner: mo
--

ALTER SEQUENCE public.hello_equityratio_id_seq OWNED BY public.hello_equityratio.id;


--
-- Name: hello_greeting; Type: TABLE; Schema: public; Owner: mo
--

CREATE TABLE public.hello_greeting (
    id integer NOT NULL,
    "when" timestamp with time zone NOT NULL
);


ALTER TABLE public.hello_greeting OWNER TO mo;

--
-- Name: hello_greeting_id_seq; Type: SEQUENCE; Schema: public; Owner: mo
--

CREATE SEQUENCE public.hello_greeting_id_seq
    AS integer
    START WITH 1
    INCREMENT BY 1
    NO MINVALUE
    NO MAXVALUE
    CACHE 1;


ALTER TABLE public.hello_greeting_id_seq OWNER TO mo;

--
-- Name: hello_greeting_id_seq; Type: SEQUENCE OWNED BY; Schema: public; Owner: mo
--

ALTER SEQUENCE public.hello_greeting_id_seq OWNED BY public.hello_greeting.id;


--
-- Name: hello_income; Type: TABLE; Schema: public; Owner: mo
--

CREATE TABLE public.hello_income (
    id integer NOT NULL,
    start_date date NOT NULL,
    amount numeric(6,2) NOT NULL,
    who_id integer NOT NULL
);


ALTER TABLE public.hello_income OWNER TO mo;

--
-- Name: hello_income_id_seq; Type: SEQUENCE; Schema: public; Owner: mo
--

CREATE SEQUENCE public.hello_income_id_seq
    AS integer
    START WITH 1
    INCREMENT BY 1
    NO MINVALUE
    NO MAXVALUE
    CACHE 1;


ALTER TABLE public.hello_income_id_seq OWNER TO mo;

--
-- Name: hello_income_id_seq; Type: SEQUENCE OWNED BY; Schema: public; Owner: mo
--

ALTER SEQUENCE public.hello_income_id_seq OWNED BY public.hello_income.id;


--
-- Name: hello_person; Type: TABLE; Schema: public; Owner: mo
--

CREATE TABLE public.hello_person (
    id integer NOT NULL,
    nickname character varying(30) NOT NULL
);


ALTER TABLE public.hello_person OWNER TO mo;

--
-- Name: hello_person_id_seq; Type: SEQUENCE; Schema: public; Owner: mo
--

CREATE SEQUENCE public.hello_person_id_seq
    AS integer
    START WITH 1
    INCREMENT BY 1
    NO MINVALUE
    NO MAXVALUE
    CACHE 1;


ALTER TABLE public.hello_person_id_seq OWNER TO mo;

--
-- Name: hello_person_id_seq; Type: SEQUENCE OWNED BY; Schema: public; Owner: mo
--

ALTER SEQUENCE public.hello_person_id_seq OWNED BY public.hello_person.id;


--
-- Name: hello_spending; Type: TABLE; Schema: public; Owner: mo
--

CREATE TABLE public.hello_spending (
    id integer NOT NULL,
    amount numeric(6,2) NOT NULL,
    date date NOT NULL,
    description character varying(100) NOT NULL,
    spender_id integer NOT NULL
);


ALTER TABLE public.hello_spending OWNER TO mo;

--
-- Name: hello_spending_id_seq; Type: SEQUENCE; Schema: public; Owner: mo
--

CREATE SEQUENCE public.hello_spending_id_seq
    AS integer
    START WITH 1
    INCREMENT BY 1
    NO MINVALUE
    NO MAXVALUE
    CACHE 1;


ALTER TABLE public.hello_spending_id_seq OWNER TO mo;

--
-- Name: hello_spending_id_seq; Type: SEQUENCE OWNED BY; Schema: public; Owner: mo
--

ALTER SEQUENCE public.hello_spending_id_seq OWNED BY public.hello_spending.id;


--
-- Name: auth_group id; Type: DEFAULT; Schema: public; Owner: mo
--

ALTER TABLE ONLY public.auth_group ALTER COLUMN id SET DEFAULT nextval('public.auth_group_id_seq'::regclass);


--
-- Name: auth_group_permissions id; Type: DEFAULT; Schema: public; Owner: mo
--

ALTER TABLE ONLY public.auth_group_permissions ALTER COLUMN id SET DEFAULT nextval('public.auth_group_permissions_id_seq'::regclass);


--
-- Name: auth_permission id; Type: DEFAULT; Schema: public; Owner: mo
--

ALTER TABLE ONLY public.auth_permission ALTER COLUMN id SET DEFAULT nextval('public.auth_permission_id_seq'::regclass);


--
-- Name: auth_user id; Type: DEFAULT; Schema: public; Owner: mo
--

ALTER TABLE ONLY public.auth_user ALTER COLUMN id SET DEFAULT nextval('public.auth_user_id_seq'::regclass);


--
-- Name: auth_user_groups id; Type: DEFAULT; Schema: public; Owner: mo
--

ALTER TABLE ONLY public.auth_user_groups ALTER COLUMN id SET DEFAULT nextval('public.auth_user_groups_id_seq'::regclass);


--
-- Name: auth_user_user_permissions id; Type: DEFAULT; Schema: public; Owner: mo
--

ALTER TABLE ONLY public.auth_user_user_permissions ALTER COLUMN id SET DEFAULT nextval('public.auth_user_user_permissions_id_seq'::regclass);


--
-- Name: django_admin_log id; Type: DEFAULT; Schema: public; Owner: mo
--

ALTER TABLE ONLY public.django_admin_log ALTER COLUMN id SET DEFAULT nextval('public.django_admin_log_id_seq'::regclass);


--
-- Name: django_content_type id; Type: DEFAULT; Schema: public; Owner: mo
--

ALTER TABLE ONLY public.django_content_type ALTER COLUMN id SET DEFAULT nextval('public.django_content_type_id_seq'::regclass);


--
-- Name: django_migrations id; Type: DEFAULT; Schema: public; Owner: mo
--

ALTER TABLE ONLY public.django_migrations ALTER COLUMN id SET DEFAULT nextval('public.django_migrations_id_seq'::regclass);


--
-- Name: hello_equityratio id; Type: DEFAULT; Schema: public; Owner: mo
--

ALTER TABLE ONLY public.hello_equityratio ALTER COLUMN id SET DEFAULT nextval('public.hello_equityratio_id_seq'::regclass);


--
-- Name: hello_greeting id; Type: DEFAULT; Schema: public; Owner: mo
--

ALTER TABLE ONLY public.hello_greeting ALTER COLUMN id SET DEFAULT nextval('public.hello_greeting_id_seq'::regclass);


--
-- Name: hello_income id; Type: DEFAULT; Schema: public; Owner: mo
--

ALTER TABLE ONLY public.hello_income ALTER COLUMN id SET DEFAULT nextval('public.hello_income_id_seq'::regclass);


--
-- Name: hello_person id; Type: DEFAULT; Schema: public; Owner: mo
--

ALTER TABLE ONLY public.hello_person ALTER COLUMN id SET DEFAULT nextval('public.hello_person_id_seq'::regclass);


--
-- Name: hello_spending id; Type: DEFAULT; Schema: public; Owner: mo
--

ALTER TABLE ONLY public.hello_spending ALTER COLUMN id SET DEFAULT nextval('public.hello_spending_id_seq'::regclass);


--
-- Data for Name: auth_group; Type: TABLE DATA; Schema: public; Owner: mo
--

COPY public.auth_group (id, name) FROM stdin;
\.


--
-- Data for Name: auth_group_permissions; Type: TABLE DATA; Schema: public; Owner: mo
--

COPY public.auth_group_permissions (id, group_id, permission_id) FROM stdin;
\.


--
-- Data for Name: auth_permission; Type: TABLE DATA; Schema: public; Owner: mo
--

COPY public.auth_permission (id, name, content_type_id, codename) FROM stdin;
1	Can add log entry	1	add_logentry
2	Can change log entry	1	change_logentry
3	Can delete log entry	1	delete_logentry
4	Can view log entry	1	view_logentry
5	Can add permission	2	add_permission
6	Can change permission	2	change_permission
7	Can delete permission	2	delete_permission
8	Can view permission	2	view_permission
9	Can add group	3	add_group
10	Can change group	3	change_group
11	Can delete group	3	delete_group
12	Can view group	3	view_group
13	Can add user	4	add_user
14	Can change user	4	change_user
15	Can delete user	4	delete_user
16	Can view user	4	view_user
17	Can add content type	5	add_contenttype
18	Can change content type	5	change_contenttype
19	Can delete content type	5	delete_contenttype
20	Can view content type	5	view_contenttype
21	Can add session	6	add_session
22	Can change session	6	change_session
23	Can delete session	6	delete_session
24	Can view session	6	view_session
25	Can add greeting	7	add_greeting
26	Can change greeting	7	change_greeting
27	Can delete greeting	7	delete_greeting
28	Can view greeting	7	view_greeting
29	Can add person	8	add_person
30	Can change person	8	change_person
31	Can delete person	8	delete_person
32	Can view person	8	view_person
33	Can add spending	9	add_spending
34	Can change spending	9	change_spending
35	Can delete spending	9	delete_spending
36	Can view spending	9	view_spending
37	Can add income	10	add_income
38	Can change income	10	change_income
39	Can delete income	10	delete_income
40	Can view income	10	view_income
41	Can add equity ratio	11	add_equityratio
42	Can change equity ratio	11	change_equityratio
43	Can delete equity ratio	11	delete_equityratio
44	Can view equity ratio	11	view_equityratio
\.


--
-- Data for Name: auth_user; Type: TABLE DATA; Schema: public; Owner: mo
--

COPY public.auth_user (id, password, last_login, is_superuser, username, first_name, last_name, email, is_staff, is_active, date_joined) FROM stdin;
1	pbkdf2_sha256$216000$IMq6gxh5IJVo$/05W0Gmj48pD1G6K7r1gZeFWz6YYSnB0wuShFob54xc=	2021-03-12 18:21:08.912753+01	t	avn			a.vierin@gmail.com	t	t	2020-05-01 16:25:22.208+02
2	pbkdf2_sha256$216000$nvHJjcWo0stT$1kgl/2J9olkdqDeQume9g1xWo5iBzE6bZxbCHUz4zbE=	2021-04-12 10:33:32.755765+02	f	mo	Monique	Bouchet	mobouchet@gmail.com	f	t	2020-05-01 16:26:59+02
3	pbkdf2_sha256$216000$buxPCbf7aUog$CZpklu05SGQsX9AiFo4tq0ftqWxLkKyELsBu1cebNMg=	2021-04-12 10:34:15.767964+02	t	admin			a.vierin@gmail.com	t	t	2020-06-12 16:51:13.869116+02
\.


--
-- Data for Name: auth_user_groups; Type: TABLE DATA; Schema: public; Owner: mo
--

COPY public.auth_user_groups (id, user_id, group_id) FROM stdin;
\.


--
-- Data for Name: auth_user_user_permissions; Type: TABLE DATA; Schema: public; Owner: mo
--

COPY public.auth_user_user_permissions (id, user_id, permission_id) FROM stdin;
\.


--
-- Data for Name: django_admin_log; Type: TABLE DATA; Schema: public; Owner: mo
--

COPY public.django_admin_log (id, action_time, object_id, object_repr, action_flag, change_message, content_type_id, user_id) FROM stdin;
1	2020-05-01 16:26:59.729+02	2	mo	1	[{"added": {}}]	4	1
2	2020-05-01 16:28:12.581+02	2	mo	2	[{"changed": {"fields": ["First name", "Last name", "Email address"]}}]	4	1
3	2020-05-01 17:03:52.913+02	1	Person object (1)	1	[{"added": {}}]	8	1
4	2020-05-01 17:03:58.455+02	2	Person object (2)	1	[{"added": {}}]	8	1
5	2020-05-01 17:05:16.907+02	1	Spending object (1)	1	[{"added": {}}]	9	1
6	2020-05-01 17:05:29.526+02	1	Spending object (1)	2	[{"changed": {"fields": ["Spender", "Description"]}}]	9	1
7	2020-05-01 17:28:07.208+02	1	[lorel] 2200	1	[{"added": {}}]	10	1
8	2020-05-01 17:28:24.098+02	2	[mo] 1100	1	[{"added": {}}]	10	1
9	2020-05-01 17:45:05.599+02	2	[lorel] le: 2020-05-01 montant: 120 Euro \t\t magasin	1	[{"added": {}}]	9	1
10	2020-05-01 22:09:53.152+02	3	[mo] le: 2020-05-01 montant: 24 Euro \t\t test 3	1	[{"added": {}}]	9	1
11	2020-05-01 22:09:59.547+02	3	[mo] le: 2020-05-01 montant: 24.00 Euro \t\t test 3	2	[]	9	1
12	2020-05-02 11:07:10.708+02	4	[mo] le: 2020-05-02 montant: 120 Euro \t\t Bricolage Cool c'est chère	1	[{"added": {}}]	9	1
13	2020-05-02 11:07:35.301+02	5	[mo] le: 2020-05-02 montant: 120.10 Euro \t\t test	1	[{"added": {}}]	9	1
14	2020-05-02 11:07:37.803+02	5	[mo] le: 2020-05-02 montant: 120.10 Euro \t\t testtest	2	[{"changed": {"fields": ["Description"]}}]	9	1
15	2020-05-02 11:07:41.702+02	5	[mo] le: 2020-05-02 montant: 120.10 Euro \t\t testtesttest	2	[{"changed": {"fields": ["Description"]}}]	9	1
16	2020-05-02 11:07:45.115+02	5	[mo] le: 2020-05-02 montant: 120.10 Euro \t\t testtesttest	2	[]	9	1
17	2020-05-02 13:53:24.837+02	1	EquityRatio object (1)	1	[{"added": {}}]	11	1
18	2020-05-02 15:22:21.998+02	5	[mo] le: 2020-05-02 montant: <b> 120.10 </b> < Euro \t\t testtesttest	3		9	1
19	2020-05-02 15:22:22.001+02	4	[mo] le: 2020-05-02 montant: <b> 120.00 </b> < Euro \t\t Bricolage Cool c'est chère	3		9	1
20	2020-05-02 15:22:22.003+02	3	[mo] le: 2020-05-01 montant: <b> 24.00 </b> < Euro \t\t test 3	3		9	1
21	2020-05-04 21:52:26.531+02	2	[lorel] le: 2020-05-01 montant: <b> 120.00 </b> < Euro \t\t magasin	3		9	1
22	2020-05-04 21:52:26.535+02	1	[mo] le: 2020-05-23 montant: <b> 12.40 </b> < Euro \t\t Test 2	3		9	1
23	2020-05-04 21:53:10.167+02	6	[mo] le: 2020-04-17 montant: <b> 32.26 </b> < Euro \t\t courses	1	[{"added": {}}]	9	1
24	2020-05-04 21:53:48.967+02	7	[mo] le: 2020-04-01 montant: <b> 42.6 </b> < Euro \t\t courses	1	[{"added": {}}]	9	1
25	2020-05-04 21:54:24.24+02	8	[mo] le: 2020-04-10 montant: <b> 31 </b> < Euro \t\t courses	1	[{"added": {}}]	9	1
26	2020-05-04 21:54:50.117+02	9	[mo] le: 2020-11-04 montant: <b> 15.50 </b> < Euro \t\t courses	1	[{"added": {}}]	9	1
27	2020-05-04 21:55:39.987+02	10	[mo] le: 2020-04-16 montant: <b> 35 </b> < Euro \t\t courses	1	[{"added": {}}]	9	1
28	2020-05-04 21:56:11.131+02	11	[mo] le: 2020-04-03 montant: <b> 60.24 </b> < Euro \t\t courses	1	[{"added": {}}]	9	1
29	2020-05-04 21:56:42.525+02	12	[mo] le: 2020-04-07 montant: <b> 40 </b> < Euro \t\t courses	1	[{"added": {}}]	9	1
30	2020-05-04 21:57:34.641+02	13	[mo] le: 2020-04-25 montant: <b> 118 </b> < Euro \t\t courses	1	[{"added": {}}]	9	1
31	2020-05-04 21:59:02.356+02	14	[mo] le: 2020-04-08 montant: <b> 70 </b> < Euro \t\t courses	1	[{"added": {}}]	9	1
32	2020-05-04 21:59:51.656+02	15	[mo] le: 2020-04-30 montant: <b> 80 </b> < Euro \t\t courses	1	[{"added": {}}]	9	1
33	2020-05-04 22:00:55.223+02	16	[mo] le: 2020-04-02 montant: <b> 100 </b> < Euro \t\t vidéo proj	1	[{"added": {}}]	9	1
34	2020-05-04 22:01:40.015+02	17	[mo] le: 2020-03-04 montant: <b> 40 </b> < Euro \t\t Box	1	[{"added": {}}]	9	1
35	2020-05-04 22:02:00.85+02	18	[mo] le: 2020-04-03 montant: <b> 32 </b> < Euro \t\t voiture	1	[{"added": {}}]	9	1
36	2020-05-04 22:02:34.191+02	19	[mo] le: 2020-06-04 montant: <b> 87.10 </b> < Euro \t\t enercop	1	[{"added": {}}]	9	1
37	2020-05-04 22:03:13.388+02	20	[mo] le: 2020-04-14 montant: <b> 18.24 </b> < Euro \t\t appart	1	[{"added": {}}]	9	1
38	2020-05-04 22:08:29.101+02	21	[lorel] le: 2020-04-06 montant: <b> 93.73 </b> < Euro \t\t courses	1	[{"added": {}}]	9	1
39	2020-05-04 22:08:58.854+02	22	[lorel] le: 2020-04-14 montant: <b> 44.42 </b> < Euro \t\t courses	1	[{"added": {}}]	9	1
40	2020-05-04 22:09:35.851+02	23	[lorel] le: 2020-04-14 montant: <b> 92.40 </b> < Euro \t\t courses	1	[{"added": {}}]	9	1
41	2020-05-04 22:10:46.831+02	24	[lorel] le: 2020-04-20 montant: <b> 102.12 </b> < Euro \t\t courses	1	[{"added": {}}]	9	1
42	2020-05-04 22:13:33.463+02	25	[lorel] le: 2020-08-04 montant: <b> 805.66 </b> < Euro \t\t loyer batigère	1	[{"added": {}}]	9	1
43	2020-05-05 13:51:37.217+02	1	EquityRatio object (1)	2	[{"changed": {"fields": ["Ratio"]}}]	11	1
44	2020-05-05 13:56:00.447+02	1	EquityRatio object (1)	2	[{"changed": {"fields": ["Ratio"]}}]	11	1
45	2020-06-12 16:53:07.084643+02	18	[mo] le: 2020-04-01 \t\t  montant: 32.00 Euro \t\t voiture	2	[{"changed": {"fields": ["Date"]}}]	9	3
46	2020-06-12 16:53:39.032027+02	25	[lorel] le: 2020-04-08 \t\t  montant: 805.66 Euro \t\t loyer batigère	2	[{"changed": {"fields": ["Date"]}}]	9	3
47	2020-06-12 16:54:02.668862+02	19	[mo] le: 2020-04-06 \t\t  montant: 87.10 Euro \t\t enercop	2	[{"changed": {"fields": ["Date"]}}]	9	3
48	2020-06-12 16:54:25.943365+02	17	[mo] le: 2020-04-03 \t\t  montant: 40.00 Euro \t\t Box	2	[{"changed": {"fields": ["Date"]}}]	9	3
49	2020-06-12 16:54:57.07597+02	9	[mo] le: 2020-04-11 \t\t  montant: 15.50 Euro \t\t courses	2	[{"changed": {"fields": ["Date"]}}]	9	3
50	2020-06-12 18:45:45.692026+02	26	[mo] le: 2020-05-02 \t\t  montant: 42 Euro \t\t brico	1	[{"added": {}}]	9	3
51	2020-06-12 18:46:21.612966+02	27	[mo] le: 2020-05-02 \t\t  montant: 8 Euro \t\t courses	1	[{"added": {}}]	9	3
52	2020-06-12 18:46:42.817748+02	28	[mo] le: 2020-05-09 \t\t  montant: 35 Euro \t\t courses	1	[{"added": {}}]	9	3
53	2020-06-12 18:47:23.745059+02	29	[mo] le: 2020-05-09 \t\t  montant: 8 Euro \t\t courses	1	[{"added": {}}]	9	3
54	2020-06-12 18:48:18.932968+02	30	[mo] le: 2020-05-28 \t\t  montant: 64 Euro \t\t cafetière	1	[{"added": {}}]	9	3
55	2020-06-12 18:48:39.109616+02	31	[mo] le: 2020-05-28 \t\t  montant: 13 Euro \t\t caftière	1	[{"added": {}}]	9	3
56	2020-06-12 18:49:10.425467+02	32	[mo] le: 2020-05-25 \t\t  montant: 22 Euro \t\t courses	1	[{"added": {}}]	9	3
57	2020-06-12 18:49:50.30658+02	33	[mo] le: 2020-05-07 \t\t  montant: 23 Euro \t\t courses	1	[{"added": {}}]	9	3
58	2020-06-12 18:50:19.793418+02	34	[mo] le: 2020-05-04 \t\t  montant: 40 Euro \t\t courses	1	[{"added": {}}]	9	3
59	2020-06-12 18:50:53.001968+02	35	[mo] le: 2020-05-04 \t\t  montant: 32 Euro \t\t voiture	1	[{"added": {}}]	9	3
60	2020-06-12 18:51:17.260229+02	35	[mo] le: 2020-05-04 \t\t  montant: 32.00 Euro \t\t voiture	2	[]	9	3
61	2020-06-12 18:51:59.780543+02	36	[mo] le: 2020-05-12 \t\t  montant: 19 Euro \t\t appart assurance	1	[{"added": {}}]	9	3
62	2020-06-12 18:57:13.339026+02	37	[lorel] le: 2020-05-04 \t\t  montant: 57 Euro \t\t courses	1	[{"added": {}}]	9	3
63	2020-06-12 18:57:36.214599+02	38	[lorel] le: 2020-05-11 \t\t  montant: 805.66 Euro \t\t loyer batigère	1	[{"added": {}}]	9	3
66	2020-06-12 18:58:56.651007+02	41	[lorel] le: 2020-05-22 \t\t  montant: 74.18 Euro \t\t courses 3 ppt	1	[{"added": {}}]	9	3
64	2020-06-12 18:57:57.566414+02	39	[lorel] le: 2020-05-11 \t\t  montant: 66.57 Euro \t\t courses demain	1	[{"added": {}}]	9	3
65	2020-06-12 18:58:19.390231+02	40	[lorel] le: 2020-05-19 \t\t  montant: 25.56 Euro \t\t courses	1	[{"added": {}}]	9	3
67	2020-06-12 19:09:56.370569+02	2	mo	2	[{"changed": {"fields": ["password"]}}]	4	3
68	2020-06-12 19:10:56.344508+02	2	mo	2	[{"changed": {"fields": ["password"]}}]	4	3
69	2020-06-12 19:13:21.576967+02	42	[mo] le: 2020-06-01 \t\t  montant: 120 Euro \t\t enercop	1	[{"added": {}}]	9	3
70	2020-06-23 15:57:41.821669+02	43	[mo] le: 2020-06-03 \t\t  montant: 39.99 Euro \t\t box	1	[{"added": {}}]	9	3
71	2020-06-23 15:58:18.238325+02	44	[mo] le: 2020-06-03 \t\t  montant: 32 Euro \t\t julia voiture	1	[{"added": {}}]	9	3
72	2020-06-23 15:58:43.191207+02	45	[mo] le: 2020-06-04 \t\t  montant: 120.25 Euro \t\t enercoop	1	[{"added": {}}]	9	3
73	2020-06-23 15:59:09.75032+02	46	[mo] le: 2020-06-10 \t\t  montant: 18.12 Euro \t\t appart assurance	1	[{"added": {}}]	9	3
74	2020-06-23 15:59:33.413848+02	47	[mo] le: 2020-06-04 \t\t  montant: 15 Euro \t\t leroy merlin	1	[{"added": {}}]	9	3
75	2020-06-23 15:59:53.419159+02	48	[mo] le: 2020-06-10 \t\t  montant: 29 Euro \t\t course	1	[{"added": {}}]	9	3
76	2020-06-23 16:00:15.97942+02	49	[lorel] le: 2020-06-10 \t\t  montant: 36 Euro \t\t marché	1	[{"added": {}}]	9	3
77	2020-06-23 16:00:47.661828+02	50	[mo] le: 2020-06-02 \t\t  montant: 18 Euro \t\t course	1	[{"added": {}}]	9	3
78	2020-06-23 16:01:04.467045+02	51	[mo] le: 2020-06-03 \t\t  montant: 40 Euro \t\t course	1	[{"added": {}}]	9	3
79	2020-06-23 16:01:24.298424+02	52	[mo] le: 2020-06-16 \t\t  montant: 10 Euro \t\t course	1	[{"added": {}}]	9	3
80	2020-06-23 16:01:50.484686+02	53	[mo] le: 2020-06-18 \t\t  montant: 25 Euro \t\t course	1	[{"added": {}}]	9	3
81	2020-06-23 16:02:17.461923+02	54	[mo] le: 2020-06-11 \t\t  montant: 21 Euro \t\t course	1	[{"added": {}}]	9	3
82	2020-06-23 16:03:46.132661+02	42	[mo] le: 2020-06-01 \t\t  montant: 120.00 Euro \t\t enercop	3		9	3
83	2020-07-06 17:44:26.794865+02	55	[lorel] le: 2020-06-08 \t\t  montant: 805.66 Euro \t\t loyer	1	[{"added": {}}]	9	3
84	2020-07-06 17:46:17.739329+02	56	[lorel] le: 2020-06-19 \t\t  montant: 54 Euro \t\t course	1	[{"added": {}}]	9	3
85	2020-08-03 18:35:09.098798+02	2	2020/7 ratio: 100	1	[{"added": {}}]	11	3
86	2020-08-03 18:35:57.272053+02	3	[lorel] 1800	1	[{"added": {}}]	10	3
87	2020-08-03 18:36:46.137223+02	57	[lorel] le: 2020-07-02 \t\t  montant: -500 Euro \t\t loyer charline	1	[{"added": {}}]	9	3
88	2020-08-03 18:43:11.963639+02	58	[lorel] le: 2020-07-14 \t\t  montant: 35.90 Euro \t\t electro market	1	[{"added": {}}]	9	3
89	2020-08-03 18:44:36.516029+02	59	[lorel] le: 2020-07-03 \t\t  montant: 805.66 Euro \t\t loyer batigère	1	[{"added": {}}]	9	3
90	2020-08-03 19:17:59.824987+02	57	[lorel] le: 2020-07-02 \t\t  montant: -450 Euro \t\t loyer charline	2	[{"changed": {"fields": ["Amount"]}}]	9	3
91	2020-08-03 19:18:58.332742+02	60	[mo] le: 2020-07-10 \t\t  montant: 18.12 Euro \t\t assurance habitation	1	[{"added": {}}]	9	3
92	2020-08-03 19:19:28.352536+02	61	[mo] le: 2020-07-06 \t\t  montant: 39.99 Euro \t\t box	1	[{"added": {}}]	9	3
93	2020-08-03 19:20:01.086209+02	62	[mo] le: 2020-07-03 \t\t  montant: 32 Euro \t\t julia voiture	1	[{"added": {}}]	9	3
94	2020-08-03 19:20:36.034158+02	63	[mo] le: 2020-07-25 \t\t  montant: 130.42 Euro \t\t eau	1	[{"added": {}}]	9	3
95	2020-09-06 17:30:53.909079+02	64	[mo] le: 2020-08-03 \t\t  montant: 39.99 Euro \t\t box	1	[{"added": {}}]	9	3
96	2020-09-06 17:31:03.738647+02	64	[mo] le: 2020-08-03 \t\t  montant: 39.99 Euro \t\t box	2	[]	9	3
97	2020-09-06 17:31:26.801309+02	65	[mo] le: 2020-08-03 \t\t  montant: 32 Euro \t\t julia voiture	1	[{"added": {}}]	9	3
98	2020-09-06 17:31:49.962858+02	66	[mo] le: 2020-08-04 \t\t  montant: 83 Euro \t\t ennercoop	1	[{"added": {}}]	9	3
99	2020-09-06 17:32:12.275429+02	67	[mo] le: 2020-08-05 \t\t  montant: 18.12 Euro \t\t appart assurance	1	[{"added": {}}]	9	3
100	2020-09-13 19:10:15.445156+02	68	[lorel] le: 2020-08-04 \t\t  montant: 688.13 Euro \t\t loyer batigère	1	[{"added": {}}]	9	3
101	2020-09-13 19:11:21.426888+02	69	[lorel] le: 2020-09-11 \t\t  montant: 796.62 Euro \t\t loyer batigère	1	[{"added": {}}]	9	3
102	2020-09-13 19:12:04.463004+02	4	[mo] 1267	1	[{"added": {}}]	10	3
103	2020-10-04 10:21:14.682139+02	70	[mo] le: 2020-09-29 \t\t  montant: 130 Euro \t\t course	1	[{"added": {}}]	9	3
104	2020-10-04 10:21:25.155163+02	70	[mo] le: 2020-09-29 \t\t  montant: 130.00 Euro \t\t course	2	[]	9	3
105	2020-10-04 10:21:59.630169+02	71	[mo] le: 2020-09-22 \t\t  montant: 56 Euro \t\t course	1	[{"added": {}}]	9	3
106	2020-10-04 10:22:21.563942+02	72	[mo] le: 2020-09-16 \t\t  montant: 15 Euro \t\t course	1	[{"added": {}}]	9	3
107	2020-10-04 10:22:46.240358+02	73	[mo] le: 2020-09-03 \t\t  montant: 39.99 Euro \t\t box	1	[{"added": {}}]	9	3
108	2020-10-04 10:23:15.851738+02	74	[mo] le: 2020-09-03 \t\t  montant: 32 Euro \t\t julia voiture	1	[{"added": {}}]	9	3
109	2020-10-04 10:23:37.05701+02	75	[mo] le: 2020-09-04 \t\t  montant: 51.36 Euro \t\t ennercoop	1	[{"added": {}}]	9	3
110	2020-10-04 10:24:00.535024+02	76	[mo] le: 2020-09-18 \t\t  montant: 18.12 Euro \t\t assurance habitation	1	[{"added": {}}]	9	3
111	2020-10-04 10:24:29.962189+02	77	[mo] le: 2020-09-29 \t\t  montant: 50 Euro \t\t cadeau julia	1	[{"added": {}}]	9	3
112	2020-10-04 17:00:56.479107+02	3	[lorel] 1800.00	2	[]	10	3
113	2020-10-04 17:01:20.12473+02	5	[lorel] 2200	1	[{"added": {}}]	10	3
114	2020-10-04 17:01:51.864124+02	6	[mo] 1220	1	[{"added": {}}]	10	3
115	2020-10-04 17:05:22.667973+02	78	[lorel] le: 2020-09-09 \t\t  montant: 130 Euro \t\t leroy merlin cuisine	1	[{"added": {}}]	9	3
116	2020-10-04 17:06:03.119099+02	79	[lorel] le: 2020-09-09 \t\t  montant: 8 Euro \t\t vélo	1	[{"added": {}}]	9	3
117	2020-10-04 17:07:46.04608+02	80	[lorel] le: 2020-09-21 \t\t  montant: 8.66 Euro \t\t Carrefour city	1	[{"added": {}}]	9	3
118	2020-11-01 12:11:26.024503+01	81	[mo] le: 2020-10-05 \t\t  montant: 40 Euro \t\t box	1	[{"added": {}}]	9	3
119	2020-11-01 12:11:47.070028+01	82	[mo] le: 2020-10-05 \t\t  montant: 32 Euro \t\t julia voiture	1	[{"added": {}}]	9	3
120	2020-11-01 12:12:12.462187+01	83	[mo] le: 2020-10-12 \t\t  montant: 18 Euro \t\t appart assurance	1	[{"added": {}}]	9	3
121	2020-11-01 12:12:40.190043+01	84	[mo] le: 2020-11-27 \t\t  montant: 18 Euro \t\t course	1	[{"added": {}}]	9	3
122	2020-11-01 12:13:53.853371+01	85	[mo] le: 2020-11-29 \t\t  montant: 73 Euro \t\t course	1	[{"added": {}}]	9	3
123	2020-11-01 12:14:13.862109+01	86	[mo] le: 2020-10-21 \t\t  montant: 16 Euro \t\t course	1	[{"added": {}}]	9	3
124	2020-11-01 12:14:36.4883+01	87	[mo] le: 2020-11-17 \t\t  montant: 19 Euro \t\t course	1	[{"added": {}}]	9	3
125	2020-11-01 12:15:01.836687+01	88	[mo] le: 2020-10-04 \t\t  montant: 7 Euro \t\t course	1	[{"added": {}}]	9	3
126	2020-11-01 12:17:10.94087+01	85	[mo] le: 2020-11-29 \t\t  montant: 73.00 Euro \t\t course+course vestimentaire	2	[{"changed": {"fields": ["Description"]}}]	9	3
127	2020-11-01 12:18:27.662827+01	85	[mo] le: 2020-10-29 \t\t  montant: 73.00 Euro \t\t course+course vestimentaire	2	[{"changed": {"fields": ["Date"]}}]	9	3
128	2020-11-01 12:18:46.267194+01	87	[mo] le: 2020-10-17 \t\t  montant: 19.00 Euro \t\t course	2	[{"changed": {"fields": ["Date"]}}]	9	3
129	2020-11-01 12:19:05.237951+01	84	[mo] le: 2020-10-27 \t\t  montant: 18.00 Euro \t\t course	2	[{"changed": {"fields": ["Date"]}}]	9	3
130	2020-11-08 14:22:46.001251+01	89	[lorel] le: 2020-10-01 \t\t  montant: 11.68 Euro \t\t casino	1	[{"added": {}}]	9	3
131	2020-11-08 14:22:55.798414+01	89	[lorel] le: 2020-10-01 \t\t  montant: 11.68 Euro \t\t casino	2	[]	9	3
132	2020-11-08 14:23:58.216308+01	90	[lorel] le: 2020-10-08 \t\t  montant: 796.62 Euro \t\t loyer batigère	1	[{"added": {}}]	9	3
133	2020-11-08 14:25:38.747518+01	91	[lorel] le: 2020-10-19 \t\t  montant: 12.82 Euro \t\t epicerie equi	1	[{"added": {}}]	9	3
134	2020-11-08 14:26:04.40664+01	92	[lorel] le: 2020-10-19 \t\t  montant: 27.62 Euro \t\t 3 petit poids	1	[{"added": {}}]	9	3
135	2020-11-08 14:26:56.246374+01	93	[lorel] le: 2020-10-20 \t\t  montant: 15 Euro \t\t Marché	1	[{"added": {}}]	9	3
136	2020-12-01 10:02:14.995748+01	94	[mo] le: 2020-11-25 \t\t  montant: 20 Euro \t\t courses	1	[{"added": {}}]	9	3
137	2020-12-01 10:02:22.866376+01	94	[mo] le: 2020-11-25 \t\t  montant: 20.00 Euro \t\t courses	2	[]	9	3
138	2020-12-01 10:02:56.854047+01	95	[mo] le: 2020-11-21 \t\t  montant: 17 Euro \t\t courses	1	[{"added": {}}]	9	3
139	2020-12-01 10:05:30.113926+01	96	[mo] le: 2020-11-10 \t\t  montant: 38 Euro \t\t courses	1	[{"added": {}}]	9	3
140	2020-12-01 10:05:49.029852+01	97	[mo] le: 2020-11-17 \t\t  montant: 32 Euro \t\t courses	1	[{"added": {}}]	9	3
141	2020-12-01 10:06:50.53402+01	98	[mo] le: 2020-11-02 \t\t  montant: 17 Euro \t\t courses	1	[{"added": {}}]	9	3
142	2020-12-01 10:07:21.233964+01	99	[mo] le: 2020-11-15 \t\t  montant: 40 Euro \t\t courses	1	[{"added": {}}]	9	3
143	2020-12-01 10:10:56.485743+01	100	[mo] le: 2020-11-03 \t\t  montant: 40 Euro \t\t box	1	[{"added": {}}]	9	3
144	2020-12-01 10:11:13.5914+01	101	[mo] le: 2020-11-03 \t\t  montant: 32 Euro \t\t julia voiture	1	[{"added": {}}]	9	3
145	2020-12-01 10:11:35.9854+01	102	[mo] le: 2020-11-04 \t\t  montant: 76 Euro \t\t ennercoop	1	[{"added": {}}]	9	3
146	2020-12-01 10:12:03.402598+01	103	[mo] le: 2020-11-10 \t\t  montant: 18 Euro \t\t appart assurance	1	[{"added": {}}]	9	3
147	2020-12-07 10:18:29.004113+01	104	[lorel] le: 2020-11-02 \t\t  montant: 19.85 Euro \t\t course carrefour	1	[{"added": {}}]	9	3
148	2020-12-07 10:19:24.267857+01	105	[lorel] le: 2020-11-03 \t\t  montant: 10 Euro \t\t casino	1	[{"added": {}}]	9	3
149	2020-12-07 10:19:54.589537+01	106	[lorel] le: 2020-11-05 \t\t  montant: 16.13 Euro \t\t auchan	1	[{"added": {}}]	9	3
150	2020-12-07 10:21:02.7979+01	107	[lorel] le: 2020-11-16 \t\t  montant: 10.15 Euro \t\t course carrefour	1	[{"added": {}}]	9	3
151	2020-12-07 10:22:09.268204+01	108	[lorel] le: 2020-11-24 \t\t  montant: 14 Euro \t\t carefour (23+24)	1	[{"added": {}}]	9	3
152	2020-12-07 10:23:28.994338+01	109	[lorel] le: 2020-11-30 \t\t  montant: 28.37 Euro \t\t trois ptit pois	1	[{"added": {}}]	9	3
153	2020-12-07 10:23:51.940904+01	110	[lorel] le: 2020-11-01 \t\t  montant: 40 Euro \t\t marché	1	[{"added": {}}]	9	3
154	2020-12-07 10:24:34.995193+01	111	[lorel] le: 2020-11-09 \t\t  montant: 796.62 Euro \t\t loyer batigère	1	[{"added": {}}]	9	3
155	2021-01-03 09:04:41.30676+01	112	[mo] le: 2020-12-04 \t\t  montant: 17.10 Euro \t\t courses	1	[{"added": {}}]	9	3
156	2021-01-03 09:04:47.029875+01	112	[mo] le: 2020-12-04 \t\t  montant: 17.10 Euro \t\t courses	2	[]	9	3
157	2021-01-03 09:05:17.947168+01	113	[mo] le: 2020-12-07 \t\t  montant: 35 Euro \t\t courses	1	[{"added": {}}]	9	3
158	2021-01-03 09:05:54.188921+01	114	[mo] le: 2021-01-01 \t\t  montant: 52 Euro \t\t courses	1	[{"added": {}}]	9	3
159	2021-01-03 09:06:20.567655+01	115	[mo] le: 2020-12-15 \t\t  montant: 58 Euro \t\t courses	1	[{"added": {}}]	9	3
160	2021-01-03 09:06:48.321043+01	116	[mo] le: 2020-12-14 \t\t  montant: 50 Euro \t\t courses noel	1	[{"added": {}}]	9	3
161	2021-01-03 09:07:17.134734+01	117	[mo] le: 2020-12-21 \t\t  montant: 15 Euro \t\t courses	1	[{"added": {}}]	9	3
162	2021-01-03 09:07:39.941312+01	118	[mo] le: 2020-12-20 \t\t  montant: 17 Euro \t\t miel anne so	1	[{"added": {}}]	9	3
163	2021-01-03 09:07:59.17723+01	119	[mo] le: 2020-12-22 \t\t  montant: 22 Euro \t\t courses	1	[{"added": {}}]	9	3
164	2021-01-03 09:08:20.610153+01	120	[mo] le: 2020-12-28 \t\t  montant: 23 Euro \t\t courses	1	[{"added": {}}]	9	3
165	2021-01-03 09:08:48.192417+01	121	[mo] le: 2020-12-29 \t\t  montant: 33 Euro \t\t courses	1	[{"added": {}}]	9	3
166	2021-01-03 09:09:07.690658+01	122	[mo] le: 2020-12-04 \t\t  montant: 40 Euro \t\t box	1	[{"added": {}}]	9	3
167	2021-01-03 09:09:27.111575+01	123	[mo] le: 2020-12-10 \t\t  montant: 18 Euro \t\t appart assurance	1	[{"added": {}}]	9	3
168	2021-01-03 09:09:57.08974+01	124	[mo] le: 2020-12-10 \t\t  montant: 84 Euro \t\t ennercoop	1	[{"added": {}}]	9	3
169	2021-01-03 09:10:36.76377+01	125	[mo] le: 2020-12-03 \t\t  montant: 32 Euro \t\t julia voiture	1	[{"added": {}}]	9	3
170	2021-01-03 14:19:52.67915+01	126	[lorel] le: 2020-12-01 \t\t  montant: 11.69 Euro \t\t carrefour	1	[{"added": {}}]	9	3
171	2021-01-03 14:20:28.400148+01	127	[lorel] le: 2020-12-01 \t\t  montant: 9.70 Euro \t\t framb	1	[{"added": {}}]	9	3
172	2021-01-03 14:21:13.278377+01	128	[lorel] le: 2020-12-03 \t\t  montant: 6.58 Euro \t\t carrefour	1	[{"added": {}}]	9	3
173	2021-01-03 14:21:29.916097+01	129	[lorel] le: 2020-12-03 \t\t  montant: 8.32 Euro \t\t carrefour	1	[{"added": {}}]	9	3
174	2021-01-03 14:21:48.531083+01	130	[lorel] le: 2020-12-01 \t\t  montant: 5.76 Euro \t\t carrefour	1	[{"added": {}}]	9	3
175	2021-01-03 14:22:11.377292+01	131	[lorel] le: 2020-12-07 \t\t  montant: 6.74 Euro \t\t carrefour	1	[{"added": {}}]	9	3
176	2021-01-03 14:24:32.789296+01	132	[lorel] le: 2020-12-10 \t\t  montant: 8.43 Euro \t\t scarole	1	[{"added": {}}]	9	3
177	2021-01-03 14:25:00.057982+01	133	[lorel] le: 2020-12-11 \t\t  montant: 19.02 Euro \t\t casino	1	[{"added": {}}]	9	3
178	2021-01-03 14:25:52.155939+01	134	[lorel] le: 2020-12-12 \t\t  montant: 2.66 Euro \t\t carrefour	1	[{"added": {}}]	9	3
179	2021-01-03 14:26:21.777094+01	135	[lorel] le: 2020-12-14 \t\t  montant: 15.88 Euro \t\t Naturalia	1	[{"added": {}}]	9	3
180	2021-01-03 14:28:04.854129+01	136	[lorel] le: 2020-12-22 \t\t  montant: 13.40 Euro \t\t carrefour	1	[{"added": {}}]	9	3
181	2021-01-03 14:29:00.546121+01	137	[lorel] le: 2020-12-24 \t\t  montant: 27.21 Euro \t\t 3 petits poids	1	[{"added": {}}]	9	3
182	2021-01-03 14:30:14.984256+01	7	[lorel] 1600	1	[{"added": {}}]	10	3
183	2021-01-03 14:33:47.975668+01	138	[lorel] le: 2020-12-01 \t\t  montant: 796.62 Euro \t\t loyer	1	[{"added": {}}]	9	3
184	2021-02-03 10:31:30.570327+01	3	2020/1 ratio: 25	1	[{"added": {}}]	11	3
185	2021-02-04 15:33:13.9914+01	2	mo	2	[{"changed": {"fields": ["password"]}}]	4	3
186	2021-02-11 16:52:00.53473+01	1	avn	2	[{"changed": {"fields": ["password"]}}]	4	3
187	2021-02-11 17:25:33.447388+01	1	avn	2	[{"changed": {"fields": ["Nickname"]}}]	8	1
188	2021-03-12 18:39:47.206584+01	189	[avn] le: 2021-02-22 \t\t  montant: 15.00 Euro \t\t vert la terre	3		9	1
189	2021-03-12 18:39:47.20898+01	188	[avn] le: 2021-02-27 \t\t  montant: 98.88 Euro \t\t leroy	3		9	1
190	2021-03-12 18:39:47.209743+01	187	[avn] le: 2021-02-12 \t\t  montant: 24.00 Euro \t\t courses	3		9	1
191	2021-03-12 18:39:47.210855+01	186	[avn] le: 2021-02-11 \t\t  montant: 14.60 Euro \t\t courses	3		9	1
192	2021-03-12 18:39:47.211615+01	185	[avn] le: 2021-02-09 \t\t  montant: 10.00 Euro \t\t courses	3		9	1
193	2021-03-12 18:39:47.212364+01	184	[avn] le: 2021-02-08 \t\t  montant: 15.00 Euro \t\t courses	3		9	1
194	2021-03-12 18:39:47.213102+01	183	[avn] le: 2021-02-08 \t\t  montant: 801.33 Euro \t\t loyer	3		9	1
195	2021-03-12 18:39:47.213814+01	182	[avn] le: 2021-02-01 \t\t  montant: 7.47 Euro \t\t courses	3		9	1
196	2021-04-12 12:44:55.738933+02	8	[avn] 1166	1	[{"added": {}}]	10	3
\.


--
-- Data for Name: django_content_type; Type: TABLE DATA; Schema: public; Owner: mo
--

COPY public.django_content_type (id, app_label, model) FROM stdin;
1	admin	logentry
2	auth	permission
3	auth	group
4	auth	user
5	contenttypes	contenttype
6	sessions	session
7	hello	greeting
8	hello	person
9	hello	spending
10	hello	income
11	hello	equityratio
\.


--
-- Data for Name: django_migrations; Type: TABLE DATA; Schema: public; Owner: mo
--

COPY public.django_migrations (id, app, name, applied) FROM stdin;
1	contenttypes	0001_initial	2020-06-12 11:42:15.919226+02
2	auth	0001_initial	2020-06-12 11:42:15.943071+02
3	admin	0001_initial	2020-06-12 11:42:15.975644+02
4	admin	0002_logentry_remove_auto_add	2020-06-12 11:42:15.985995+02
5	admin	0003_logentry_add_action_flag_choices	2020-06-12 11:42:15.991916+02
6	contenttypes	0002_remove_content_type_name	2020-06-12 11:42:16.003074+02
7	auth	0002_alter_permission_name_max_length	2020-06-12 11:42:16.006813+02
8	auth	0003_alter_user_email_max_length	2020-06-12 11:42:16.012607+02
9	auth	0004_alter_user_username_opts	2020-06-12 11:42:16.01778+02
10	auth	0005_alter_user_last_login_null	2020-06-12 11:42:16.024134+02
11	auth	0006_require_contenttypes_0002	2020-06-12 11:42:16.025624+02
12	auth	0007_alter_validators_add_error_messages	2020-06-12 11:42:16.031153+02
13	auth	0008_alter_user_username_max_length	2020-06-12 11:42:16.03852+02
14	auth	0009_alter_user_last_name_max_length	2020-06-12 11:42:16.044132+02
15	auth	0010_alter_group_name_max_length	2020-06-12 11:42:16.049551+02
16	auth	0011_update_proxy_permissions	2020-06-12 11:42:16.05484+02
17	hello	0001_initial	2020-06-12 11:42:16.059312+02
18	hello	0002_auto_20200501_1422	2020-06-12 11:42:16.06798+02
19	hello	0003_income	2020-06-12 11:42:16.075465+02
20	hello	0004_equityratio	2020-06-12 11:42:16.081356+02
21	sessions	0001_initial	2020-06-12 11:42:16.086328+02
22	auth	0012_alter_user_first_name_max_length	2021-02-04 16:14:14.251907+01
\.


--
-- Data for Name: django_session; Type: TABLE DATA; Schema: public; Owner: mo
--

COPY public.django_session (session_key, session_data, expire_date) FROM stdin;
41besqku3pp42768p9puaqad279zh1a8	NGFmMjczNzFiMjFhZDU1ZDQ3ODU1YWQ0ODEwNDY1ZGNkZGRjYjgxMTp7Il9hdXRoX3VzZXJfaWQiOiIxIiwiX2F1dGhfdXNlcl9iYWNrZW5kIjoiZGphbmdvLmNvbnRyaWIuYXV0aC5iYWNrZW5kcy5Nb2RlbEJhY2tlbmQiLCJfYXV0aF91c2VyX2hhc2giOiI4MjBlNmUxN2M3MzZmMGVmYzBkZDFjMzVhMTAyYTQ1NjdkNjVlM2M4In0=	2020-05-15 16:25:43.088+02
jszbt5zj679qu7ckbitigm7vxfzrx9gk	NGJkNzZlNjUxYmQ1ZmZjNWVmOGJlOTVlODdkYTRiYWU3MTkwZWM1Zjp7Il9hdXRoX3VzZXJfaWQiOiIzIiwiX2F1dGhfdXNlcl9iYWNrZW5kIjoiZGphbmdvLmNvbnRyaWIuYXV0aC5iYWNrZW5kcy5Nb2RlbEJhY2tlbmQiLCJfYXV0aF91c2VyX2hhc2giOiI1ZTYzNjM1MTVlMTY2YmY0MmExNzRlOTVjYjFkNDM5YjMwZDQzOTk0In0=	2020-06-26 16:51:29.331978+02
n3yfkmjkuwvntftjnuihyn7milsmfdju	NGJkNzZlNjUxYmQ1ZmZjNWVmOGJlOTVlODdkYTRiYWU3MTkwZWM1Zjp7Il9hdXRoX3VzZXJfaWQiOiIzIiwiX2F1dGhfdXNlcl9iYWNrZW5kIjoiZGphbmdvLmNvbnRyaWIuYXV0aC5iYWNrZW5kcy5Nb2RlbEJhY2tlbmQiLCJfYXV0aF91c2VyX2hhc2giOiI1ZTYzNjM1MTVlMTY2YmY0MmExNzRlOTVjYjFkNDM5YjMwZDQzOTk0In0=	2020-06-26 19:11:37.744066+02
p9cwdbgwgdbvh2kcat495r6w82ks6qfv	NGJkNzZlNjUxYmQ1ZmZjNWVmOGJlOTVlODdkYTRiYWU3MTkwZWM1Zjp7Il9hdXRoX3VzZXJfaWQiOiIzIiwiX2F1dGhfdXNlcl9iYWNrZW5kIjoiZGphbmdvLmNvbnRyaWIuYXV0aC5iYWNrZW5kcy5Nb2RlbEJhY2tlbmQiLCJfYXV0aF91c2VyX2hhc2giOiI1ZTYzNjM1MTVlMTY2YmY0MmExNzRlOTVjYjFkNDM5YjMwZDQzOTk0In0=	2020-07-20 17:42:16.430667+02
uiv2t55j1ts2p00379aa25xptjry5oee	NGJkNzZlNjUxYmQ1ZmZjNWVmOGJlOTVlODdkYTRiYWU3MTkwZWM1Zjp7Il9hdXRoX3VzZXJfaWQiOiIzIiwiX2F1dGhfdXNlcl9iYWNrZW5kIjoiZGphbmdvLmNvbnRyaWIuYXV0aC5iYWNrZW5kcy5Nb2RlbEJhY2tlbmQiLCJfYXV0aF91c2VyX2hhc2giOiI1ZTYzNjM1MTVlMTY2YmY0MmExNzRlOTVjYjFkNDM5YjMwZDQzOTk0In0=	2020-08-17 16:20:13.522821+02
nzzvjhnhgbz979nse7mep05fid2svn8t	NGJkNzZlNjUxYmQ1ZmZjNWVmOGJlOTVlODdkYTRiYWU3MTkwZWM1Zjp7Il9hdXRoX3VzZXJfaWQiOiIzIiwiX2F1dGhfdXNlcl9iYWNrZW5kIjoiZGphbmdvLmNvbnRyaWIuYXV0aC5iYWNrZW5kcy5Nb2RlbEJhY2tlbmQiLCJfYXV0aF91c2VyX2hhc2giOiI1ZTYzNjM1MTVlMTY2YmY0MmExNzRlOTVjYjFkNDM5YjMwZDQzOTk0In0=	2020-08-17 19:17:23.377028+02
i0hpkfalctlnhfnzra3mgkxtpxnnlpxg	NGJkNzZlNjUxYmQ1ZmZjNWVmOGJlOTVlODdkYTRiYWU3MTkwZWM1Zjp7Il9hdXRoX3VzZXJfaWQiOiIzIiwiX2F1dGhfdXNlcl9iYWNrZW5kIjoiZGphbmdvLmNvbnRyaWIuYXV0aC5iYWNrZW5kcy5Nb2RlbEJhY2tlbmQiLCJfYXV0aF91c2VyX2hhc2giOiI1ZTYzNjM1MTVlMTY2YmY0MmExNzRlOTVjYjFkNDM5YjMwZDQzOTk0In0=	2020-09-20 17:27:53.979888+02
8wwix2win7u8sdd2dja8xkncztj5md46	NGJkNzZlNjUxYmQ1ZmZjNWVmOGJlOTVlODdkYTRiYWU3MTkwZWM1Zjp7Il9hdXRoX3VzZXJfaWQiOiIzIiwiX2F1dGhfdXNlcl9iYWNrZW5kIjoiZGphbmdvLmNvbnRyaWIuYXV0aC5iYWNrZW5kcy5Nb2RlbEJhY2tlbmQiLCJfYXV0aF91c2VyX2hhc2giOiI1ZTYzNjM1MTVlMTY2YmY0MmExNzRlOTVjYjFkNDM5YjMwZDQzOTk0In0=	2020-09-27 19:08:57.700305+02
msrjxiwpvc11bjtki8o7pvc6v6ipy4h3	NGJkNzZlNjUxYmQ1ZmZjNWVmOGJlOTVlODdkYTRiYWU3MTkwZWM1Zjp7Il9hdXRoX3VzZXJfaWQiOiIzIiwiX2F1dGhfdXNlcl9iYWNrZW5kIjoiZGphbmdvLmNvbnRyaWIuYXV0aC5iYWNrZW5kcy5Nb2RlbEJhY2tlbmQiLCJfYXV0aF91c2VyX2hhc2giOiI1ZTYzNjM1MTVlMTY2YmY0MmExNzRlOTVjYjFkNDM5YjMwZDQzOTk0In0=	2020-10-18 10:19:55.030049+02
ya4bdu36iml1uteqromqijy8clsgwyzk	NGJkNzZlNjUxYmQ1ZmZjNWVmOGJlOTVlODdkYTRiYWU3MTkwZWM1Zjp7Il9hdXRoX3VzZXJfaWQiOiIzIiwiX2F1dGhfdXNlcl9iYWNrZW5kIjoiZGphbmdvLmNvbnRyaWIuYXV0aC5iYWNrZW5kcy5Nb2RlbEJhY2tlbmQiLCJfYXV0aF91c2VyX2hhc2giOiI1ZTYzNjM1MTVlMTY2YmY0MmExNzRlOTVjYjFkNDM5YjMwZDQzOTk0In0=	2020-11-14 11:18:05.474528+01
reytbw61596l7xvwxmy9642286blc21p	NGJkNzZlNjUxYmQ1ZmZjNWVmOGJlOTVlODdkYTRiYWU3MTkwZWM1Zjp7Il9hdXRoX3VzZXJfaWQiOiIzIiwiX2F1dGhfdXNlcl9iYWNrZW5kIjoiZGphbmdvLmNvbnRyaWIuYXV0aC5iYWNrZW5kcy5Nb2RlbEJhY2tlbmQiLCJfYXV0aF91c2VyX2hhc2giOiI1ZTYzNjM1MTVlMTY2YmY0MmExNzRlOTVjYjFkNDM5YjMwZDQzOTk0In0=	2020-11-22 14:17:33.858374+01
xqjox8xyl8c758ulab05aoexumliec8z	NGJkNzZlNjUxYmQ1ZmZjNWVmOGJlOTVlODdkYTRiYWU3MTkwZWM1Zjp7Il9hdXRoX3VzZXJfaWQiOiIzIiwiX2F1dGhfdXNlcl9iYWNrZW5kIjoiZGphbmdvLmNvbnRyaWIuYXV0aC5iYWNrZW5kcy5Nb2RlbEJhY2tlbmQiLCJfYXV0aF91c2VyX2hhc2giOiI1ZTYzNjM1MTVlMTY2YmY0MmExNzRlOTVjYjFkNDM5YjMwZDQzOTk0In0=	2020-12-15 09:56:15.187282+01
ro4qw3a8fchdx0hnzx0czp9ssdqrsm2o	NGJkNzZlNjUxYmQ1ZmZjNWVmOGJlOTVlODdkYTRiYWU3MTkwZWM1Zjp7Il9hdXRoX3VzZXJfaWQiOiIzIiwiX2F1dGhfdXNlcl9iYWNrZW5kIjoiZGphbmdvLmNvbnRyaWIuYXV0aC5iYWNrZW5kcy5Nb2RlbEJhY2tlbmQiLCJfYXV0aF91c2VyX2hhc2giOiI1ZTYzNjM1MTVlMTY2YmY0MmExNzRlOTVjYjFkNDM5YjMwZDQzOTk0In0=	2020-12-21 10:17:22.938478+01
iyi65z1qmdlp49fog4931ge88qqkb84m	NGJkNzZlNjUxYmQ1ZmZjNWVmOGJlOTVlODdkYTRiYWU3MTkwZWM1Zjp7Il9hdXRoX3VzZXJfaWQiOiIzIiwiX2F1dGhfdXNlcl9iYWNrZW5kIjoiZGphbmdvLmNvbnRyaWIuYXV0aC5iYWNrZW5kcy5Nb2RlbEJhY2tlbmQiLCJfYXV0aF91c2VyX2hhc2giOiI1ZTYzNjM1MTVlMTY2YmY0MmExNzRlOTVjYjFkNDM5YjMwZDQzOTk0In0=	2021-01-17 09:03:31.42336+01
xqlah9d8wcgjtxnibg9elylq4dnzl9sy	NGJkNzZlNjUxYmQ1ZmZjNWVmOGJlOTVlODdkYTRiYWU3MTkwZWM1Zjp7Il9hdXRoX3VzZXJfaWQiOiIzIiwiX2F1dGhfdXNlcl9iYWNrZW5kIjoiZGphbmdvLmNvbnRyaWIuYXV0aC5iYWNrZW5kcy5Nb2RlbEJhY2tlbmQiLCJfYXV0aF91c2VyX2hhc2giOiI1ZTYzNjM1MTVlMTY2YmY0MmExNzRlOTVjYjFkNDM5YjMwZDQzOTk0In0=	2021-01-17 14:14:36.798616+01
piuzpmwqtgr1jr6whmqz51j9g3q9o2ai	NGJkNzZlNjUxYmQ1ZmZjNWVmOGJlOTVlODdkYTRiYWU3MTkwZWM1Zjp7Il9hdXRoX3VzZXJfaWQiOiIzIiwiX2F1dGhfdXNlcl9iYWNrZW5kIjoiZGphbmdvLmNvbnRyaWIuYXV0aC5iYWNrZW5kcy5Nb2RlbEJhY2tlbmQiLCJfYXV0aF91c2VyX2hhc2giOiI1ZTYzNjM1MTVlMTY2YmY0MmExNzRlOTVjYjFkNDM5YjMwZDQzOTk0In0=	2021-02-16 10:50:01.034952+01
rewegjwk25mdgqm2y0695x242xwlg72o	.eJxVjDsOwjAQBe_iGln-O6akzxmstXeNA8iR4qRC3J1ESgHtzLz3ZhG2tcat0xInZFcm2eWXJchPaofAB7T7zPPc1mVK_Ej4aTsfZ6TX7Wz_Dir0uq-1d8LrXJCkFUHp4gyagGFA47R1RViS4AZAtCoAejIikdM7I6WpAPt8Ac3JN9s:1lAEmC:tD9NGjLn-fX64oW4rokAUqx3-DT59kreWoGRs0c3crY	2021-02-25 17:25:08.58804+01
kw9luu3cvap33ij3zsxczw2twuly6fif	.eJxVjDsOwjAQBe_iGln-O6akzxmstXeNA8iR4qRC3J1ESgHtzLz3ZhG2tcat0xInZFcm2eWXJchPaofAB7T7zPPc1mVK_Ej4aTsfZ6TX7Wz_Dir0uq-1d8LrXJCkFUHp4gyagGFA47R1RViS4AZAtCoAejIikdM7I6WpAPt8Ac3JN9s:1lKlTI:_nttjpYl02AoAjzNSd-ctc9-wqnNDWxV9IALH8U8gyQ	2021-03-26 18:21:08.913931+01
lfmp0ddur4dwhljx8w1fx80h44kfl8j4	.eJxVjDsOwjAQBe_iGln-xetQ0nMGa727wQHkSPlUiLtDpBTQvpl5L5VxW2veFpnzyOqsvDr9bgXpIW0HfMd2mzRNbZ3HondFH3TR14nleTncv4OKS_3WJokNHRgc-oiIEMB7G0UCm8JkXEcDBCGyxAIBDbsUwfbobecglaLeH-WJN_M:1lVs1P:7NackGupiJQrf1byUlJ4rj-PNObFFTs8iv7oTlgW2Eo	2021-04-26 10:34:15.770122+02
\.


--
-- Data for Name: hello_equityratio; Type: TABLE DATA; Schema: public; Owner: mo
--

COPY public.hello_equityratio (id, year, month, ratio) FROM stdin;
1	2020	4	50
2	2020	7	100
3	2020	1	25
\.


--
-- Data for Name: hello_greeting; Type: TABLE DATA; Schema: public; Owner: mo
--

COPY public.hello_greeting (id, "when") FROM stdin;
1	2020-05-01 15:51:12.394+02
2	2020-05-01 15:53:11.001+02
3	2020-05-01 16:28:28.686+02
4	2020-05-01 16:36:30.487+02
5	2020-05-01 16:39:43.784+02
6	2020-05-02 09:55:08.936+02
7	2020-08-03 18:54:35.691279+02
\.


--
-- Data for Name: hello_income; Type: TABLE DATA; Schema: public; Owner: mo
--

COPY public.hello_income (id, start_date, amount, who_id) FROM stdin;
1	2020-05-01	2200.00	1
2	2020-05-01	1100.00	2
4	2020-08-01	1267.00	2
3	2020-07-01	1800.00	1
5	2020-09-01	2200.00	1
6	2020-09-01	1220.00	2
7	2020-12-01	1600.00	1
8	2021-03-01	1166.00	1
\.


--
-- Data for Name: hello_person; Type: TABLE DATA; Schema: public; Owner: mo
--

COPY public.hello_person (id, nickname) FROM stdin;
2	mo
1	avn
\.


--
-- Data for Name: hello_spending; Type: TABLE DATA; Schema: public; Owner: mo
--

COPY public.hello_spending (id, amount, date, description, spender_id) FROM stdin;
6	32.26	2020-04-17	courses	2
7	42.60	2020-04-01	courses	2
8	31.00	2020-04-10	courses	2
10	35.00	2020-04-16	courses	2
11	60.24	2020-04-03	courses	2
12	40.00	2020-04-07	courses	2
13	118.00	2020-04-25	courses	2
14	70.00	2020-04-08	courses	2
15	80.00	2020-04-30	courses	2
16	100.00	2020-04-02	vidéo proj	2
20	18.24	2020-04-14	appart	2
21	93.73	2020-04-06	courses	1
22	44.42	2020-04-14	courses	1
23	92.40	2020-04-14	courses	1
24	102.12	2020-04-20	courses	1
18	32.00	2020-04-01	voiture	2
25	805.66	2020-04-08	loyer batigère	1
19	87.10	2020-04-06	enercop	2
17	40.00	2020-04-03	Box	2
9	15.50	2020-04-11	courses	2
26	42.00	2020-05-02	brico	2
27	8.00	2020-05-02	courses	2
28	35.00	2020-05-09	courses	2
29	8.00	2020-05-09	courses	2
30	64.00	2020-05-28	cafetière	2
31	13.00	2020-05-28	caftière	2
32	22.00	2020-05-25	courses	2
33	23.00	2020-05-07	courses	2
34	40.00	2020-05-04	courses	2
35	32.00	2020-05-04	voiture	2
36	19.00	2020-05-12	appart assurance	2
37	57.00	2020-05-04	courses	1
38	805.66	2020-05-11	loyer batigère	1
39	66.57	2020-05-11	courses demain	1
40	25.56	2020-05-19	courses	1
41	74.18	2020-05-22	courses 3 ppt	1
43	39.99	2020-06-03	box	2
44	32.00	2020-06-03	julia voiture	2
45	120.25	2020-06-04	enercoop	2
46	18.12	2020-06-10	appart assurance	2
47	15.00	2020-06-04	leroy merlin	2
48	29.00	2020-06-10	course	2
49	36.00	2020-06-10	marché	1
50	18.00	2020-06-02	course	2
51	40.00	2020-06-03	course	2
52	10.00	2020-06-16	course	2
53	25.00	2020-06-18	course	2
54	21.00	2020-06-11	course	2
55	805.66	2020-06-08	loyer	1
56	54.00	2020-06-19	course	1
58	35.90	2020-07-14	electro market	1
59	805.66	2020-07-03	loyer batigère	1
57	-450.00	2020-07-02	loyer charline	1
60	18.12	2020-07-10	assurance habitation	2
61	39.99	2020-07-06	box	2
62	32.00	2020-07-03	julia voiture	2
63	130.42	2020-07-25	eau	2
64	39.99	2020-08-03	box	2
65	32.00	2020-08-03	julia voiture	2
66	83.00	2020-08-04	ennercoop	2
67	18.12	2020-08-05	appart assurance	2
68	688.13	2020-08-04	loyer batigère	1
69	796.62	2020-09-11	loyer batigère	1
70	130.00	2020-09-29	course	2
71	56.00	2020-09-22	course	2
72	15.00	2020-09-16	course	2
73	39.99	2020-09-03	box	2
74	32.00	2020-09-03	julia voiture	2
75	51.36	2020-09-04	ennercoop	2
76	18.12	2020-09-18	assurance habitation	2
77	50.00	2020-09-29	cadeau julia	2
78	130.00	2020-09-09	leroy merlin cuisine	1
79	8.00	2020-09-09	vélo	1
80	8.66	2020-09-21	Carrefour city	1
81	40.00	2020-10-05	box	2
82	32.00	2020-10-05	julia voiture	2
83	18.00	2020-10-12	appart assurance	2
86	16.00	2020-10-21	course	2
88	7.00	2020-10-04	course	2
85	73.00	2020-10-29	course+course vestimentaire	2
87	19.00	2020-10-17	course	2
84	18.00	2020-10-27	course	2
89	11.68	2020-10-01	casino	1
90	796.62	2020-10-08	loyer batigère	1
91	12.82	2020-10-19	epicerie equi	1
92	27.62	2020-10-19	3 petit poids	1
93	15.00	2020-10-20	Marché	1
94	20.00	2020-11-25	courses	2
95	17.00	2020-11-21	courses	2
96	38.00	2020-11-10	courses	2
97	32.00	2020-11-17	courses	2
98	17.00	2020-11-02	courses	2
99	40.00	2020-11-15	courses	2
100	40.00	2020-11-03	box	2
101	32.00	2020-11-03	julia voiture	2
102	76.00	2020-11-04	ennercoop	2
103	18.00	2020-11-10	appart assurance	2
104	19.85	2020-11-02	course carrefour	1
105	10.00	2020-11-03	casino	1
106	16.13	2020-11-05	auchan	1
107	10.15	2020-11-16	course carrefour	1
108	14.00	2020-11-24	carefour (23+24)	1
109	28.37	2020-11-30	trois ptit pois	1
110	40.00	2020-11-01	marché	1
111	796.62	2020-11-09	loyer batigère	1
112	17.10	2020-12-04	courses	2
113	35.00	2020-12-07	courses	2
115	58.00	2020-12-15	courses	2
116	50.00	2020-12-14	courses noel	2
117	15.00	2020-12-21	courses	2
118	17.00	2020-12-20	miel anne so	2
119	22.00	2020-12-22	courses	2
120	23.00	2020-12-28	courses	2
121	33.00	2020-12-29	courses	2
122	40.00	2020-12-04	box	2
123	18.00	2020-12-10	appart assurance	2
124	84.00	2020-12-10	ennercoop	2
125	32.00	2020-12-03	julia voiture	2
126	11.69	2020-12-01	carrefour	1
127	9.70	2020-12-01	framb	1
128	6.58	2020-12-03	carrefour	1
129	8.32	2020-12-03	carrefour	1
130	5.76	2020-12-01	carrefour	1
131	6.74	2020-12-07	carrefour	1
132	8.43	2020-12-10	scarole	1
133	19.02	2020-12-11	casino	1
134	2.66	2020-12-12	carrefour	1
135	15.88	2020-12-14	Naturalia	1
136	13.40	2020-12-22	carrefour	1
137	27.21	2020-12-24	3 petits poids	1
138	796.62	2020-12-01	loyer	1
143	3.00	2020-01-01	testAVN	1
139	10.00	2020-01-01	test	2
140	13.00	2020-01-02	test1	2
141	11.00	2020-01-03	test	2
142	12.00	2020-01-01	test	2
144	15.00	2020-01-04	test4	2
114	40.00	2021-01-04	boygues	2
145	94.00	2021-01-04	enercoop	2
146	32.00	2021-01-04	voitrure	2
147	18.12	2021-01-11	assurance	2
148	75.00	2021-01-29	courses	2
149	16.00	2021-01-23	courses	2
150	18.00	2021-01-21	courses	2
151	27.00	2021-01-17	courses	2
152	15.00	2021-01-14	courses	2
153	22.40	2021-01-11	courses	2
154	23.08	2021-01-09	courses	2
155	26.00	2021-01-05	courses	2
156	38.26	2021-01-04	courses	1
157	5.75	2021-01-04	courses	1
158	10.94	2021-01-07	courses	1
159	796.62	2021-01-08	loyer	1
160	112.63	2021-01-11	courses	1
161	8.55	2021-01-11	courses	1
162	5.87	2021-01-13	courses	1
163	32.00	2021-01-18	courses	1
164	44.38	2021-01-18	courses	1
165	39.99	2021-02-03	Box	2
166	22.00	2021-02-03	Voiture	2
167	18.12	2021-02-10	groupama	2
168	32.00	2021-02-05	Courses	2
169	21.00	2021-02-05	courses	2
170	29.00	2021-02-21	courses	2
171	17.00	2021-02-23	courses	2
172	25.00	2021-02-25	courses	2
173	10.00	2021-02-28	courses	2
174	7.47	2021-02-01	courses	1
175	801.33	2021-02-08	loyer	1
176	15.00	2021-02-08	courses	1
177	10.00	2021-02-09	courses	1
178	14.60	2021-02-11	courses	1
179	24.00	2021-02-12	courses	1
180	98.88	2021-02-27	leroy	1
181	15.00	2021-02-22	vert la terre	1
190	266.00	2021-03-01	courses du mois	2
191	22.00	2021-03-03	voiture	2
192	40.00	2021-03-03	boygues box	2
193	112.00	2021-03-04	enercop	2
194	18.00	2021-03-10	prelevement	2
195	12.22	2021-03-01	carrefour	1
196	46.90	2021-03-02	Brico	1
197	75.28	2021-03-08	courses	1
198	801.33	2021-03-08	loyer batigère	1
199	13.75	2021-03-15	vival	1
200	17.94	2021-03-16	courses carf	1
201	11.16	2021-03-18	courses	1
202	15.18	2021-03-23	courses	1
203	2.03	2021-03-23	courses	1
204	3.80	2021-03-23	courses	1
205	6.50	2021-03-24	courses	1
206	6.52	2021-03-29	courses	1
207	39.78	2021-03-30	courses	1
\.


--
-- Name: auth_group_id_seq; Type: SEQUENCE SET; Schema: public; Owner: mo
--

SELECT pg_catalog.setval('public.auth_group_id_seq', 1, false);


--
-- Name: auth_group_permissions_id_seq; Type: SEQUENCE SET; Schema: public; Owner: mo
--

SELECT pg_catalog.setval('public.auth_group_permissions_id_seq', 1, false);


--
-- Name: auth_permission_id_seq; Type: SEQUENCE SET; Schema: public; Owner: mo
--

SELECT pg_catalog.setval('public.auth_permission_id_seq', 44, true);


--
-- Name: auth_user_groups_id_seq; Type: SEQUENCE SET; Schema: public; Owner: mo
--

SELECT pg_catalog.setval('public.auth_user_groups_id_seq', 1, false);


--
-- Name: auth_user_id_seq; Type: SEQUENCE SET; Schema: public; Owner: mo
--

SELECT pg_catalog.setval('public.auth_user_id_seq', 3, true);


--
-- Name: auth_user_user_permissions_id_seq; Type: SEQUENCE SET; Schema: public; Owner: mo
--

SELECT pg_catalog.setval('public.auth_user_user_permissions_id_seq', 1, false);


--
-- Name: django_admin_log_id_seq; Type: SEQUENCE SET; Schema: public; Owner: mo
--

SELECT pg_catalog.setval('public.django_admin_log_id_seq', 196, true);


--
-- Name: django_content_type_id_seq; Type: SEQUENCE SET; Schema: public; Owner: mo
--

SELECT pg_catalog.setval('public.django_content_type_id_seq', 11, true);


--
-- Name: django_migrations_id_seq; Type: SEQUENCE SET; Schema: public; Owner: mo
--

SELECT pg_catalog.setval('public.django_migrations_id_seq', 22, true);


--
-- Name: hello_equityratio_id_seq; Type: SEQUENCE SET; Schema: public; Owner: mo
--

SELECT pg_catalog.setval('public.hello_equityratio_id_seq', 3, true);


--
-- Name: hello_greeting_id_seq; Type: SEQUENCE SET; Schema: public; Owner: mo
--

SELECT pg_catalog.setval('public.hello_greeting_id_seq', 7, true);


--
-- Name: hello_income_id_seq; Type: SEQUENCE SET; Schema: public; Owner: mo
--

SELECT pg_catalog.setval('public.hello_income_id_seq', 8, true);


--
-- Name: hello_person_id_seq; Type: SEQUENCE SET; Schema: public; Owner: mo
--

SELECT pg_catalog.setval('public.hello_person_id_seq', 2, true);


--
-- Name: hello_spending_id_seq; Type: SEQUENCE SET; Schema: public; Owner: mo
--

SELECT pg_catalog.setval('public.hello_spending_id_seq', 207, true);


--
-- Name: auth_group auth_group_name_key; Type: CONSTRAINT; Schema: public; Owner: mo
--

ALTER TABLE ONLY public.auth_group
    ADD CONSTRAINT auth_group_name_key UNIQUE (name);


--
-- Name: auth_group_permissions auth_group_permissions_group_id_permission_id_0cd325b0_uniq; Type: CONSTRAINT; Schema: public; Owner: mo
--

ALTER TABLE ONLY public.auth_group_permissions
    ADD CONSTRAINT auth_group_permissions_group_id_permission_id_0cd325b0_uniq UNIQUE (group_id, permission_id);


--
-- Name: auth_group_permissions auth_group_permissions_pkey; Type: CONSTRAINT; Schema: public; Owner: mo
--

ALTER TABLE ONLY public.auth_group_permissions
    ADD CONSTRAINT auth_group_permissions_pkey PRIMARY KEY (id);


--
-- Name: auth_group auth_group_pkey; Type: CONSTRAINT; Schema: public; Owner: mo
--

ALTER TABLE ONLY public.auth_group
    ADD CONSTRAINT auth_group_pkey PRIMARY KEY (id);


--
-- Name: auth_permission auth_permission_content_type_id_codename_01ab375a_uniq; Type: CONSTRAINT; Schema: public; Owner: mo
--

ALTER TABLE ONLY public.auth_permission
    ADD CONSTRAINT auth_permission_content_type_id_codename_01ab375a_uniq UNIQUE (content_type_id, codename);


--
-- Name: auth_permission auth_permission_pkey; Type: CONSTRAINT; Schema: public; Owner: mo
--

ALTER TABLE ONLY public.auth_permission
    ADD CONSTRAINT auth_permission_pkey PRIMARY KEY (id);


--
-- Name: auth_user_groups auth_user_groups_pkey; Type: CONSTRAINT; Schema: public; Owner: mo
--

ALTER TABLE ONLY public.auth_user_groups
    ADD CONSTRAINT auth_user_groups_pkey PRIMARY KEY (id);


--
-- Name: auth_user_groups auth_user_groups_user_id_group_id_94350c0c_uniq; Type: CONSTRAINT; Schema: public; Owner: mo
--

ALTER TABLE ONLY public.auth_user_groups
    ADD CONSTRAINT auth_user_groups_user_id_group_id_94350c0c_uniq UNIQUE (user_id, group_id);


--
-- Name: auth_user auth_user_pkey; Type: CONSTRAINT; Schema: public; Owner: mo
--

ALTER TABLE ONLY public.auth_user
    ADD CONSTRAINT auth_user_pkey PRIMARY KEY (id);


--
-- Name: auth_user_user_permissions auth_user_user_permissions_pkey; Type: CONSTRAINT; Schema: public; Owner: mo
--

ALTER TABLE ONLY public.auth_user_user_permissions
    ADD CONSTRAINT auth_user_user_permissions_pkey PRIMARY KEY (id);


--
-- Name: auth_user_user_permissions auth_user_user_permissions_user_id_permission_id_14a6b632_uniq; Type: CONSTRAINT; Schema: public; Owner: mo
--

ALTER TABLE ONLY public.auth_user_user_permissions
    ADD CONSTRAINT auth_user_user_permissions_user_id_permission_id_14a6b632_uniq UNIQUE (user_id, permission_id);


--
-- Name: auth_user auth_user_username_key; Type: CONSTRAINT; Schema: public; Owner: mo
--

ALTER TABLE ONLY public.auth_user
    ADD CONSTRAINT auth_user_username_key UNIQUE (username);


--
-- Name: django_admin_log django_admin_log_pkey; Type: CONSTRAINT; Schema: public; Owner: mo
--

ALTER TABLE ONLY public.django_admin_log
    ADD CONSTRAINT django_admin_log_pkey PRIMARY KEY (id);


--
-- Name: django_content_type django_content_type_app_label_model_76bd3d3b_uniq; Type: CONSTRAINT; Schema: public; Owner: mo
--

ALTER TABLE ONLY public.django_content_type
    ADD CONSTRAINT django_content_type_app_label_model_76bd3d3b_uniq UNIQUE (app_label, model);


--
-- Name: django_content_type django_content_type_pkey; Type: CONSTRAINT; Schema: public; Owner: mo
--

ALTER TABLE ONLY public.django_content_type
    ADD CONSTRAINT django_content_type_pkey PRIMARY KEY (id);


--
-- Name: django_migrations django_migrations_pkey; Type: CONSTRAINT; Schema: public; Owner: mo
--

ALTER TABLE ONLY public.django_migrations
    ADD CONSTRAINT django_migrations_pkey PRIMARY KEY (id);


--
-- Name: django_session django_session_pkey; Type: CONSTRAINT; Schema: public; Owner: mo
--

ALTER TABLE ONLY public.django_session
    ADD CONSTRAINT django_session_pkey PRIMARY KEY (session_key);


--
-- Name: hello_equityratio hello_equityratio_pkey; Type: CONSTRAINT; Schema: public; Owner: mo
--

ALTER TABLE ONLY public.hello_equityratio
    ADD CONSTRAINT hello_equityratio_pkey PRIMARY KEY (id);


--
-- Name: hello_greeting hello_greeting_pkey; Type: CONSTRAINT; Schema: public; Owner: mo
--

ALTER TABLE ONLY public.hello_greeting
    ADD CONSTRAINT hello_greeting_pkey PRIMARY KEY (id);


--
-- Name: hello_income hello_income_pkey; Type: CONSTRAINT; Schema: public; Owner: mo
--

ALTER TABLE ONLY public.hello_income
    ADD CONSTRAINT hello_income_pkey PRIMARY KEY (id);


--
-- Name: hello_person hello_person_pkey; Type: CONSTRAINT; Schema: public; Owner: mo
--

ALTER TABLE ONLY public.hello_person
    ADD CONSTRAINT hello_person_pkey PRIMARY KEY (id);


--
-- Name: hello_spending hello_spending_pkey; Type: CONSTRAINT; Schema: public; Owner: mo
--

ALTER TABLE ONLY public.hello_spending
    ADD CONSTRAINT hello_spending_pkey PRIMARY KEY (id);


--
-- Name: auth_group_name_a6ea08ec_like; Type: INDEX; Schema: public; Owner: mo
--

CREATE INDEX auth_group_name_a6ea08ec_like ON public.auth_group USING btree (name varchar_pattern_ops);


--
-- Name: auth_group_permissions_group_id_b120cbf9; Type: INDEX; Schema: public; Owner: mo
--

CREATE INDEX auth_group_permissions_group_id_b120cbf9 ON public.auth_group_permissions USING btree (group_id);


--
-- Name: auth_group_permissions_permission_id_84c5c92e; Type: INDEX; Schema: public; Owner: mo
--

CREATE INDEX auth_group_permissions_permission_id_84c5c92e ON public.auth_group_permissions USING btree (permission_id);


--
-- Name: auth_permission_content_type_id_2f476e4b; Type: INDEX; Schema: public; Owner: mo
--

CREATE INDEX auth_permission_content_type_id_2f476e4b ON public.auth_permission USING btree (content_type_id);


--
-- Name: auth_user_groups_group_id_97559544; Type: INDEX; Schema: public; Owner: mo
--

CREATE INDEX auth_user_groups_group_id_97559544 ON public.auth_user_groups USING btree (group_id);


--
-- Name: auth_user_groups_user_id_6a12ed8b; Type: INDEX; Schema: public; Owner: mo
--

CREATE INDEX auth_user_groups_user_id_6a12ed8b ON public.auth_user_groups USING btree (user_id);


--
-- Name: auth_user_user_permissions_permission_id_1fbb5f2c; Type: INDEX; Schema: public; Owner: mo
--

CREATE INDEX auth_user_user_permissions_permission_id_1fbb5f2c ON public.auth_user_user_permissions USING btree (permission_id);


--
-- Name: auth_user_user_permissions_user_id_a95ead1b; Type: INDEX; Schema: public; Owner: mo
--

CREATE INDEX auth_user_user_permissions_user_id_a95ead1b ON public.auth_user_user_permissions USING btree (user_id);


--
-- Name: auth_user_username_6821ab7c_like; Type: INDEX; Schema: public; Owner: mo
--

CREATE INDEX auth_user_username_6821ab7c_like ON public.auth_user USING btree (username varchar_pattern_ops);


--
-- Name: django_admin_log_content_type_id_c4bce8eb; Type: INDEX; Schema: public; Owner: mo
--

CREATE INDEX django_admin_log_content_type_id_c4bce8eb ON public.django_admin_log USING btree (content_type_id);


--
-- Name: django_admin_log_user_id_c564eba6; Type: INDEX; Schema: public; Owner: mo
--

CREATE INDEX django_admin_log_user_id_c564eba6 ON public.django_admin_log USING btree (user_id);


--
-- Name: django_session_expire_date_a5c62663; Type: INDEX; Schema: public; Owner: mo
--

CREATE INDEX django_session_expire_date_a5c62663 ON public.django_session USING btree (expire_date);


--
-- Name: django_session_session_key_c0390e0f_like; Type: INDEX; Schema: public; Owner: mo
--

CREATE INDEX django_session_session_key_c0390e0f_like ON public.django_session USING btree (session_key varchar_pattern_ops);


--
-- Name: hello_income_who_id_82a00832; Type: INDEX; Schema: public; Owner: mo
--

CREATE INDEX hello_income_who_id_82a00832 ON public.hello_income USING btree (who_id);


--
-- Name: hello_spending_spender_id_e902cedf; Type: INDEX; Schema: public; Owner: mo
--

CREATE INDEX hello_spending_spender_id_e902cedf ON public.hello_spending USING btree (spender_id);


--
-- Name: auth_group_permissions auth_group_permissio_permission_id_84c5c92e_fk_auth_perm; Type: FK CONSTRAINT; Schema: public; Owner: mo
--

ALTER TABLE ONLY public.auth_group_permissions
    ADD CONSTRAINT auth_group_permissio_permission_id_84c5c92e_fk_auth_perm FOREIGN KEY (permission_id) REFERENCES public.auth_permission(id) DEFERRABLE INITIALLY DEFERRED;


--
-- Name: auth_group_permissions auth_group_permissions_group_id_b120cbf9_fk_auth_group_id; Type: FK CONSTRAINT; Schema: public; Owner: mo
--

ALTER TABLE ONLY public.auth_group_permissions
    ADD CONSTRAINT auth_group_permissions_group_id_b120cbf9_fk_auth_group_id FOREIGN KEY (group_id) REFERENCES public.auth_group(id) DEFERRABLE INITIALLY DEFERRED;


--
-- Name: auth_permission auth_permission_content_type_id_2f476e4b_fk_django_co; Type: FK CONSTRAINT; Schema: public; Owner: mo
--

ALTER TABLE ONLY public.auth_permission
    ADD CONSTRAINT auth_permission_content_type_id_2f476e4b_fk_django_co FOREIGN KEY (content_type_id) REFERENCES public.django_content_type(id) DEFERRABLE INITIALLY DEFERRED;


--
-- Name: auth_user_groups auth_user_groups_group_id_97559544_fk_auth_group_id; Type: FK CONSTRAINT; Schema: public; Owner: mo
--

ALTER TABLE ONLY public.auth_user_groups
    ADD CONSTRAINT auth_user_groups_group_id_97559544_fk_auth_group_id FOREIGN KEY (group_id) REFERENCES public.auth_group(id) DEFERRABLE INITIALLY DEFERRED;


--
-- Name: auth_user_groups auth_user_groups_user_id_6a12ed8b_fk_auth_user_id; Type: FK CONSTRAINT; Schema: public; Owner: mo
--

ALTER TABLE ONLY public.auth_user_groups
    ADD CONSTRAINT auth_user_groups_user_id_6a12ed8b_fk_auth_user_id FOREIGN KEY (user_id) REFERENCES public.auth_user(id) DEFERRABLE INITIALLY DEFERRED;


--
-- Name: auth_user_user_permissions auth_user_user_permi_permission_id_1fbb5f2c_fk_auth_perm; Type: FK CONSTRAINT; Schema: public; Owner: mo
--

ALTER TABLE ONLY public.auth_user_user_permissions
    ADD CONSTRAINT auth_user_user_permi_permission_id_1fbb5f2c_fk_auth_perm FOREIGN KEY (permission_id) REFERENCES public.auth_permission(id) DEFERRABLE INITIALLY DEFERRED;


--
-- Name: auth_user_user_permissions auth_user_user_permissions_user_id_a95ead1b_fk_auth_user_id; Type: FK CONSTRAINT; Schema: public; Owner: mo
--

ALTER TABLE ONLY public.auth_user_user_permissions
    ADD CONSTRAINT auth_user_user_permissions_user_id_a95ead1b_fk_auth_user_id FOREIGN KEY (user_id) REFERENCES public.auth_user(id) DEFERRABLE INITIALLY DEFERRED;


--
-- Name: django_admin_log django_admin_log_content_type_id_c4bce8eb_fk_django_co; Type: FK CONSTRAINT; Schema: public; Owner: mo
--

ALTER TABLE ONLY public.django_admin_log
    ADD CONSTRAINT django_admin_log_content_type_id_c4bce8eb_fk_django_co FOREIGN KEY (content_type_id) REFERENCES public.django_content_type(id) DEFERRABLE INITIALLY DEFERRED;


--
-- Name: django_admin_log django_admin_log_user_id_c564eba6_fk_auth_user_id; Type: FK CONSTRAINT; Schema: public; Owner: mo
--

ALTER TABLE ONLY public.django_admin_log
    ADD CONSTRAINT django_admin_log_user_id_c564eba6_fk_auth_user_id FOREIGN KEY (user_id) REFERENCES public.auth_user(id) DEFERRABLE INITIALLY DEFERRED;


--
-- Name: hello_income hello_income_who_id_82a00832_fk_hello_person_id; Type: FK CONSTRAINT; Schema: public; Owner: mo
--

ALTER TABLE ONLY public.hello_income
    ADD CONSTRAINT hello_income_who_id_82a00832_fk_hello_person_id FOREIGN KEY (who_id) REFERENCES public.hello_person(id) DEFERRABLE INITIALLY DEFERRED;


--
-- Name: hello_spending hello_spending_spender_id_e902cedf_fk_hello_person_id; Type: FK CONSTRAINT; Schema: public; Owner: mo
--

ALTER TABLE ONLY public.hello_spending
    ADD CONSTRAINT hello_spending_spender_id_e902cedf_fk_hello_person_id FOREIGN KEY (spender_id) REFERENCES public.hello_person(id) DEFERRABLE INITIALLY DEFERRED;


--
-- PostgreSQL database dump complete
--

